PMY,Replicate,Halo,Z
PMY2649,1,6.903999999999999,0
PMY2649,2,4.0969999999999995,0
PMY2649,3,7.4510000000000005,0
PMY2649,1,7.28,1
PMY2649,2,6.854,1
PMY2649,3,,1
PMY2649,1,1.4799999999999998,2
PMY2649,2,7.7139999999999995,2
PMY2649,3,2.401,2
PMY2649,1,7.305,3
PMY2649,2,4.089,3
PMY2649,3,6.75,3
PMY2649,1,0.8340000000000001,4
PMY2649,2,4.984000000000001,4
PMY2649,3,3.1139999999999994,4
PMY2649,1,2.73,5
PMY2649,2,7.351000000000001,5
PMY2649,3,3.226,5
PMY2649,1,7.46,6
PMY2649,2,6.851,6
PMY2649,3,5.5760000000000005,6
PMY2649,1,2.272,7
PMY2649,2,5.032,7
PMY2649,3,3.063,7
PMY2649,1,6.034000000000001,8
PMY2649,2,2.706,8
PMY2649,3,4.172999999999999,8
PMY2649,1,7.018,9
PMY2649,2,4.431,9
PMY2649,3,2.555,9
PMY2649,2,3.237,10
PMY2649,3,1.34,10
PMY2649,1,5.736000000000001,11
PMY2649,2,6.252,11
PMY2649,3,4.323,11
PMY2650,1,1.0180000000000002,12
PMY2650,2,0.6400000000000001,12
PMY2650,3,1.2800000000000002,12
PMY2650,1,1.3639999999999999,13
PMY2650,2,1.152,13
PMY2650,3,1.235,13
PMY2650,1,1.8789999999999998,14
PMY2650,2,0.826,14
PMY2650,3,1.867,14
PMY2650,1,1.379,15
PMY2650,2,0.9850000000000001,15
PMY2650,3,1.748,15
PMY2650,1,0.491,16
PMY2650,2,0.939,16
PMY2650,3,0.639,16
PMY2650,1,0.7729999999999999,17
PMY2650,2,1.42,17
PMY2650,3,1.061,17
PMY2650,1,0.911,18
PMY2650,2,0.41100000000000003,18
PMY2650,3,0.5269999999999999,18
PMY2650,1,0.49899999999999994,19
PMY2650,2,0.5549999999999999,19
PMY2650,3,0.7270000000000001,19
PMY2650,1,0.9879999999999999,20
PMY2650,2,1.303,20
PMY2650,3,0.8600000000000002,20
PMY2650,1,0.847,21
PMY2650,2,0.5670000000000001,21
PMY2650,3,1.1019999999999999,21
PMY2650,1,1.0170000000000001,22
PMY2650,2,1.8699999999999997,22
PMY2650,3,1.49,22
PMY2650,1,1.029,23
PMY2650,2,1.2570000000000001,23
PMY2650,3,0.664,23
