Condition,Phenotype,Chromosome,Position,Pval,Rsq,Left,Right,Bound
30°C,u,11,1202814,6.188922690173194,0.075,0.0,1529457.0,0.0
30°C,MaxODg,3,863872,4.66074906325424,0.055,0.0,1554360.0,0.0
30°C,MaxODg,11,991923,5.674065812425798,0.069,0.0,1529457.0,0.0
30°C,AUCg,3,864993,8.758623437572954,0.108,0.0,1554360.0,0.0
30°C,AUCg,11,1103792,8.147931136532561,0.1,0.0,1529457.0,0.0
37°C,u,3,791559,7.868956388240976,0.097,0.0,1554360.0,0.0
37°C,u,11,143761,11.442020399385758,0.142,0.0,600000.0,0.0
37°C,u,11,1103792,5.456328588897392,0.066,600000.0,1529457.0,600000.0
37°C,l,3,791559,3.969536902124463,0.046,0.0,1554360.0,0.0
37°C,MaxODg,3,791559,10.080887328429919,0.125,0.0,1554360.0,0.0
37°C,MaxODg,11,143761,6.021962559069026,0.073,0.0,600000.0,0.0
37°C,MaxODg,11,1103792,8.24875727466199,0.102,600000.0,1529457.0,600000.0
37°C,AUCg,3,791559,9.524895743313737,0.118,0.0,1554360.0,0.0
37°C,AUCg,11,143761,8.607321680984523,0.106,0.0,600000.0,0.0
37°C,AUCg,11,1103792,6.099337363565606,0.074,600000.0,1529457.0,600000.0
pH 4,u,11,1192943,4.396105940978594,0.052,0.0,1529457.0,0.0
pH 4,l,3,856836,6.056361194916388,0.074,0.0,1554360.0,0.0
pH 4,l,11,1099095,5.442218342920391,0.066,0.0,1529457.0,0.0
pH 4,AUCg,3,864993,6.354591942056389,0.077,0.0,1554360.0,0.0
pH 4,AUCg,11,1103792,6.195228140613581,0.075,0.0,1529457.0,0.0
