Condition,Phenotype,Chromosome,Position,Pval,Rsq,Left,Right
30°C,u,11.1,326644,6.188922690173194,0.075,0.0,1041569.0
30°C,l,5.0,1197718,6.331093068568707,0.077,0.0,1793420.0
30°C,MaxODg,3.1,955845,5.674065812425798,0.069,0.0,1933908.0
30°C,AUCg,3.1,776008,8.758623437572954,0.108,0.0,1933908.0
30°C,AUCg,6.0,529096,5.297235799375313,0.064,0.0,1417305.0
37°C,u,2.0,294118,7.046464337606131,0.086,0.0,1619187.0
37°C,u,3.1,702574,7.868956388240976,0.097,0.0,1300000.0
37°C,u,3.1,1804007,11.442020399385758,0.142,1300000.0,1933908.0
37°C,u,5.0,1404331,5.333036067961296,0.064,0.0,1793420.0
37°C,u,6.0,308970,4.847476238829015,0.058,0.0,1417305.0
37°C,l,3.1,702574,3.969536902124463,0.046,0.0,1300000.0
37°C,l,5.0,1122664,13.811747151860597,0.17,0.0,1793420.0
37°C,l,6.0,338473,8.330147349787648,0.103,0.0,1417305.0
37°C,MaxODg,3.1,702574,10.080887328429919,0.125,0.0,1300000.0
37°C,MaxODg,3.1,1804007,6.021962559069026,0.073,1300000.0,1933908.0
37°C,MaxODg,5.0,1122664,5.972473216711903,0.072,0.0,1793420.0
37°C,MaxODg,6.0,362297,5.621619270605156,0.068,0.0,1417305.0
37°C,AUCg,2.0,243607,4.645301407460583,0.055,0.0,1619187.0
37°C,AUCg,3.1,702574,9.524895743313737,0.118,0.0,1300000.0
37°C,AUCg,3.1,1804007,8.607321680984523,0.106,1300000.0,1933908.0
37°C,AUCg,5.0,1122664,10.470165411166677,0.13,0.0,1793420.0
37°C,AUCg,6.0,308970,8.13631937930997,0.1,0.0,1417305.0
pH 4,u,10.0,717836,4.688232348518634,0.056,0.0,1051064.0
pH 4,u,11.1,336515,4.396105940978594,0.052,0.0,1041569.0
pH 4,l,1.0,66509,4.034403479547845,0.047,0.0,2264002.0
pH 4,l,3.1,767851,6.056361194916388,0.074,0.0,1933908.0
pH 4,l,5.0,1114755,7.0822722021876965,0.087,0.0,1793420.0
pH 4,MaxODg,1.0,192649,5.2943463536282875,0.064,0.0,2264002.0
pH 4,AUCg,1.0,146685,8.390710257077282,0.104,0.0,2264002.0
pH 4,AUCg,3.1,776008,6.354591942056389,0.077,0.0,1933908.0
pH 4,AUCg,6.0,382624,5.0103755189098935,0.06,0.0,1417305.0
